file_path,source,extension,size_mb,candidate_type,keyword_hits,read_status,columns_or_keys_preview,first_row_preview,priority_score
/home/mdsubhan01/ISPY2-3DGCNN/reports/tables/phase3b_tumor_peritumor_features_pilot.csv,local_scan,.csv,2.8786,PE_SER_candidate,tumor;pe,read_ok,patient_folder;study_folder;seg_series_uid;seg_first_dcm;seg_series_path;link_status;link_confidence;matched_mr_series_uid;matched_mr_series_path;matched_mr_first_dcm;matched_mr_series_description;matched_mr_protocol_name;matched_mr_dcm_count;segment_labels;has_seg_file;has_mr_file;phase3_ready_basic;decode_status;n_frames;nonzero_frames;total_mask_pixels;volume_proxy_mm3;segment_pixel_counts,ISPY2-100899;1.3.6.1.4.1.14519.5.2.1.19140731108220017646017623;1.3.6.1.4.1.14519.5.2.1.17067099251972717303844787;/home/mdsubhan01/ispy2/ispy2/ISPY2-100899/1.3.6.1.;/home/mdsubhan01/ispy2/ispy2/ISPY2-100899/1.3.6.1.;same_patient_same_study_best_mr;medium;1.3.6.1.4.1.14519.5.2.1.12189572549353642826766136;/home/mdsubhan01/ispy2/ispy2/ISPY2-100899/1.3.6.1.;/home/mdsubhan01/ispy2/ispy2/ISPY2-100899/1.3.6.1.;ISPY2: Ph3/AX VIBRANT-SERIES;;106;1:VOLSER Analysis Mask:SEMIAUTOMATIC;yes;yes;yes;success;80;80,66
/home/mdsubhan01/ISPY2-3DGCNN/reports/tables/phase7c_fractional_tumor_mask_candidate_table.csv,local_scan,.csv,2.2763,PE_SER_candidate,mask;tumor,read_ok,case_no;patient_folder;study_folder;seg_series_uid;seg_file;matched_mr_series_path;recovery_status;segmentation_type;segment_text;n_frames;rows;cols;frame_area;nonzero_pixel_count;pixel_min_nonzero;pixel_max;pixel_mean_nonzero;selected_threshold;selected_threshold_status;selected_threshold_score;selected_frame_index;selected_frame_pixels;selected_frame_fraction;selected_total_mask_pixels;selected_total_mask_fraction_3d;selected_nonzero_frames;matched_mr_file;z_error_mm;mr_match_method;mr_slices_checked;mr_shape;mask_shape;shape_match,1;ISPY2-100899;1.3.6.1.4.1.14519.5.2.1.19140731108220017646017623;1.3.6.1.4.1.14519.5.2.1.17067099251972717303844787;/home/mdsubhan01/ispy2/ispy2/ISPY2-100899/1.3.6.1.;/home/mdsubhan01/ispy2/ispy2/ISPY2-100899/1.3.6.1.;no_threshold_candidate;FRACTIONAL;ISPY2: VOLSER: uni-lateral cropped: Analysis Mask ;80;256;256;65536;5239237;1.0;49.0;46.27115513194001;;;,66
/home/mdsubhan01/ISPY2-3DGCNN/reports/tables/candidate_mr_series_top3_per_patient.csv,local_scan,.csv,1.6478,PE_SER_candidate,pe;ser,read_ok,patient_folder;study_folder;series_folder;series_path;first_dcm;dcm_count;folder_modality_prefix;PatientID;StudyInstanceUID;SeriesInstanceUID;Modality;SeriesDescription;ProtocolName;StudyDate;AcquisitionDate;AcquisitionTime;Manufacturer;BodyPartExamined;MagneticFieldStrength;SliceThickness;RepetitionTime;EchoTime;FlipAngle;candidate_score,ISPY2-100899;1.3.6.1.4.1.14519.5.2.1.19140731108220017646017623;MR_1.3.6.1.4.1.14519.5.2.1.12189572549353642826766;/home/mdsubhan01/ispy2/ispy2/ISPY2-100899/1.3.6.1.;/home/mdsubhan01/ispy2/ispy2/ISPY2-100899/1.3.6.1.;106;MR;ISPY2-100899;1.3.6.1.4.1.14519.5.2.1.19140731108220017646017623;1.3.6.1.4.1.14519.5.2.1.12189572549353642826766136;MR;ISPY2: Ph3/AX VIBRANT-SERIES;;20021026;20021026;080531;GE MEDICAL SYSTEMS;;1.5;2,66
/home/mdsubhan01/ISPY2-3DGCNN/reports/tables/candidate_mr_series_best_per_patient.csv,local_scan,.csv,0.5494,PE_SER_candidate,pe;ser,read_ok,patient_folder;study_folder;series_folder;series_path;first_dcm;dcm_count;folder_modality_prefix;PatientID;StudyInstanceUID;SeriesInstanceUID;Modality;SeriesDescription;ProtocolName;StudyDate;AcquisitionDate;AcquisitionTime;Manufacturer;BodyPartExamined;MagneticFieldStrength;SliceThickness;RepetitionTime;EchoTime;FlipAngle;candidate_score,ISPY2-100899;1.3.6.1.4.1.14519.5.2.1.19140731108220017646017623;MR_1.3.6.1.4.1.14519.5.2.1.12189572549353642826766;/home/mdsubhan01/ispy2/ispy2/ISPY2-100899/1.3.6.1.;/home/mdsubhan01/ispy2/ispy2/ISPY2-100899/1.3.6.1.;106;MR;ISPY2-100899;1.3.6.1.4.1.14519.5.2.1.19140731108220017646017623;1.3.6.1.4.1.14519.5.2.1.12189572549353642826766136;MR;ISPY2: Ph3/AX VIBRANT-SERIES;;20021026;20021026;080531;GE MEDICAL SYSTEMS;;1.5;2,66
/home/mdsubhan01/ISPY2-3DGCNN/reports/tables/phase7a_tumor_mask_candidate_table.csv,local_scan,.csv,0.0607,PE_SER_candidate,mask;tumor,read_ok,case_no;patient_folder;study_folder;seg_series_uid;seg_file;matched_mr_series_path;link_status;link_confidence;fix_status;seg_shape;seg_frame_area;chosen_segment_number;chosen_segment_label;chosen_segment_description;chosen_segment_score;chosen_segment_reason;chosen_segment_max_frame_fraction;chosen_segment_total_mask_pixels;chosen_segment_nonzero_frames,"1;ISPY2-100899;1.3.6.1.4.1.14519.5.2.1.19140731108220017646017623;1.3.6.1.4.1.14519.5.2.1.17067099251972717303844787;/home/mdsubhan01/ispy2/ispy2/ISPY2-100899/1.3.6.1.;/home/mdsubhan01/ispy2/ispy2/ISPY2-100899/1.3.6.1.;same_patient_same_study_best_mr;medium;reject_full_slice_mask;(80, 256, 256);65536;1;VOLSER Analysis Mask;VOLSER,BACKGROUND=475,SER PE THRESHOLD=70;-250.0;exclude_label_word;full_slice_or_too_large;large_t;1.0;5239237;80",66
/home/mdsubhan01/ISPY2-3DGCNN/reports/tables/phase7e_recovered_tumor_model_performance.csv,local_scan,.csv,0.0002,mask_or_segmentation_candidate,tumor;pe,read_ok,reason;labeled_patients;positive_pCR;negative_non_pCR;numeric_features;rule,"ML not run;2;1;1;34;Need at least 6 labeled patients, at least 2 pCR, ",66
/home/mdsubhan01/ISPY2-3DGCNN/reports/tables/ispy2_series_inventory.csv,local_scan,.csv,24.1384,PE_SER_candidate,ser,read_ok,patient_folder;study_folder;series_folder;series_path;first_dcm;dcm_count;folder_modality_prefix;PatientID;StudyInstanceUID;SeriesInstanceUID;Modality;SeriesDescription;ProtocolName;StudyDate;AcquisitionDate;AcquisitionTime;Manufacturer;BodyPartExamined;MagneticFieldStrength;SliceThickness;RepetitionTime;EchoTime;FlipAngle,ISPY2-100899;1.3.6.1.4.1.14519.5.2.1.19140731108220017646017623;MR_1.3.6.1.4.1.14519.5.2.1.12189572549353642826766;/home/mdsubhan01/ispy2/ispy2/ISPY2-100899/1.3.6.1.;/home/mdsubhan01/ispy2/ispy2/ISPY2-100899/1.3.6.1.;106;MR;ISPY2-100899;1.3.6.1.4.1.14519.5.2.1.19140731108220017646017623;1.3.6.1.4.1.14519.5.2.1.12189572549353642826766136;MR;ISPY2: Ph3/AX VIBRANT-SERIES;;20021026;20021026;080531;GE MEDICAL SYSTEMS;;1.5;2,61
/home/mdsubhan01/ISPY2-3DGCNN/reports/tables/segmentation_qc_case_audit.csv,local_scan,.csv,0.1033,PE_SER_candidate,segmentation,read_ok,case_no;patient_folder;study_folder;seg_series_uid;phase3c_status;seg_file;matched_mr_series_path;qc_status;seg_shape;seg_total_pixels;seg_nonzero_frames;selected_seg_frame;selected_seg_frame_pixels;seg_frame_z;matched_mr_file;z_error_mm;match_method;mr_slices_checked;mr_shape;mask_shape;shape_match;mask_fraction_2d,"1;ISPY2-104384;1.3.6.1.4.1.14519.5.2.1.10187078860528369027420394;1.3.6.1.4.1.14519.5.2.1.23087086800912570500965170;geometry_ready;/home/mdsubhan01/ispy2/ispy2/ISPY2-104384/1.3.6.1.;/home/mdsubhan01/ispy2/ispy2/ISPY2-104384/1.3.6.1.;visual_qc_pass_candidate;(80, 256, 256);5218478;80;0;65536;61.437;/home/mdsubhan01/ispy2/ispy2/ISPY2-104384/1.3.6.1.;0.0;z_match_same_shape;640;(256, 256);(256, 256)",61
/home/mdsubhan01/ISPY2-3DGCNN/reports/tables/phase7e_recovered_tumor_label_merge.csv,local_scan,.csv,0.0654,PE_SER_candidate,tumor,read_ok,case_no;patient_folder;study_folder;seg_series_uid;recovery_status;feature_status;selected_threshold;selected_frame_index;row_spacing_mm;col_spacing_mm;slice_thickness_mm;tumor_volume_proxy_mm3_3d;tumor_volume_proxy_cm3_3d;nonzero_frames_3d;tumor_area_px_2d;tumor_area_mm2_2d;mask_fraction_2d;perimeter_px_2d;circularity_2d;solidity_2d;eccentricity_2d;bbox_height_px;bbox_width_px;mr_signal_mean_tumor;mr_signal_std_tumor;mr_signal_mean_peritumor;mr_signal_std_peritumor;tumor_to_peritumor_signal_ratio;radial_signal_bin_1;radial_signal_bin_2;radial_signal_bin_3;radial_signal_bin_4;radial_signal_bin_5;low_enhancement_fraction;mid_enhancement_fraction;high_enhancement_fraction;vessel_density_tumor_2d;vessel_density_peritumor_2d;vesselness_mean_tumor_2d;vesselness_mean_peritumor_2d,1;ISPY2-109623;1.3.6.1.4.1.14519.5.2.1.23088208207406188125612962;1.3.6.1.4.1.14519.5.2.1.30866652646014793482397688;fractional_tumor_candidate_pass;success;101.7;63;0.5664;0.5664;2.0;178265.19803904003;178.26519803904003;80;5633;1807.11687168;0.0859527587890625;519.8477631085024;0.26193724546044145;0.8002557181417815,61
/home/mdsubhan01/ISPY2-3DGCNN/reports/tables/phase7d_recovered_tumor_vascular_features.csv,local_scan,.csv,0.0652,PE_SER_candidate,tumor,read_ok,case_no;patient_folder;study_folder;seg_series_uid;recovery_status;feature_status;selected_threshold;selected_frame_index;row_spacing_mm;col_spacing_mm;slice_thickness_mm;tumor_volume_proxy_mm3_3d;tumor_volume_proxy_cm3_3d;nonzero_frames_3d;tumor_area_px_2d;tumor_area_mm2_2d;mask_fraction_2d;perimeter_px_2d;circularity_2d;solidity_2d;eccentricity_2d;bbox_height_px;bbox_width_px;mr_signal_mean_tumor;mr_signal_std_tumor;mr_signal_mean_peritumor;mr_signal_std_peritumor;tumor_to_peritumor_signal_ratio;radial_signal_bin_1;radial_signal_bin_2;radial_signal_bin_3;radial_signal_bin_4;radial_signal_bin_5;low_enhancement_fraction;mid_enhancement_fraction;high_enhancement_fraction;vessel_density_tumor_2d;vessel_density_peritumor_2d;vesselness_mean_tumor_2d;vesselness_mean_peritumor_2d,1;ISPY2-109623;1.3.6.1.4.1.14519.5.2.1.23088208207406188125612962;1.3.6.1.4.1.14519.5.2.1.30866652646014793482397688;fractional_tumor_candidate_pass;success;101.7;63;0.5664;0.5664;2.0;178265.19803904003;178.26519803904003;80;5633;1807.11687168;0.0859527587890625;519.8477631085024;0.26193724546044145;0.8002557181417815,61
/home/mdsubhan01/ISPY2-3DGCNN/reports/figures/10_seg_series_per_patient.png,local_scan,.png,0.047,PE_SER_candidate,pe;ser,not_opened,,,61
/home/mdsubhan01/ISPY2-3DGCNN/reports/table_views/candidate_mr_series_best_per_patient.md,local_scan,.md,0.0241,PE_SER_candidate,pe;ser,not_opened,,,61
/home/mdsubhan01/ISPY2-3DGCNN/reports/tables/phase6a_qc_pass_tumor_vascular_features.csv,local_scan,.csv,0.0072,PE_SER_candidate,tumor,read_ok,case_no;patient_folder;study_folder;seg_series_uid;qc_status;feature_status;selected_seg_frame;row_spacing_mm;col_spacing_mm;slice_thickness_mm;tumor_volume_proxy_mm3_3d;tumor_volume_proxy_cm3_3d;nonzero_seg_frames_3d;tumor_area_px_2d;tumor_area_mm2_2d;perimeter_px_2d;circularity_2d;solidity_2d;eccentricity_2d;bbox_height_px;bbox_width_px;mr_signal_mean_tumor;mr_signal_std_tumor;mr_signal_mean_peritumor;mr_signal_std_peritumor;tumor_to_peritumor_signal_ratio;radial_signal_bin_1;radial_signal_bin_2;radial_signal_bin_3;radial_signal_bin_4;radial_signal_bin_5;low_enhancement_fraction;mid_enhancement_fraction;high_enhancement_fraction;vessel_density_tumor_2d;vessel_density_peritumor_2d;vesselness_mean_tumor_2d;vesselness_mean_peritumor_2d;vessel_density_ratio_tumor_to_peritumor,1;ISPY2-104384;1.3.6.1.4.1.14519.5.2.1.10187078860528369027420394;1.3.6.1.4.1.14519.5.2.1.23087086800912570500965170;visual_qc_pass_candidate;success;0;0.625;0.625;2.0;4076935.9375;4076.9359375;80;65536;25600.0;1020.0;0.7915702273958427;1.0;0.0;256,61
/home/mdsubhan01/ISPY2-3DGCNN/reports/tables/seg_mask_qc_features.csv,local_scan,.csv,0.0708,mask_or_segmentation_candidate,mask,read_ok,patient_folder;study_folder;seg_series_uid;seg_series_path;first_dcm;decode_status;n_frames;rows;columns;nonzero_frames;total_mask_pixels;row_spacing_mm;col_spacing_mm;slice_thickness_mm;volume_proxy_mm3;segment_pixel_counts;segment_nonzero_frame_counts,ISPY2-100899;1.3.6.1.4.1.14519.5.2.1.19140731108220017646017623;1.3.6.1.4.1.14519.5.2.1.17067099251972717303844787;/home/mdsubhan01/ispy2/ispy2/ISPY2-100899/1.3.6.1.;/home/mdsubhan01/ispy2/ispy2/ISPY2-100899/1.3.6.1.;success;80;256;256;80;5239237;0.6641;0.6641;2.0;4621308.918835941;1:5239237;1:80,61
/home/mdsubhan01/ISPY2-3DGCNN/reports/figures/132_segmentation_qc_volume_proxy.png,local_scan,.png,0.0438,mask_or_segmentation_candidate,volume;segmentation,not_opened,,,61
/home/mdsubhan01/ISPY2-3DGCNN/reports/figures/21_phase3a_mask_volume_proxy.png,local_scan,.png,0.0409,mask_or_segmentation_candidate,mask;volume,not_opened,,,61
/home/mdsubhan01/ISPY2-3DGCNN/reports/table_views/phase7c_fractional_tumor_mask_candidate_table.md,local_scan,.md,0.0375,mask_or_segmentation_candidate,mask;tumor,not_opened,,,61
/home/mdsubhan01/ISPY2-3DGCNN/reports/table_views/phase7a_tumor_mask_candidate_table.md,local_scan,.md,0.0336,mask_or_segmentation_candidate,mask;tumor,not_opened,,,61
/home/mdsubhan01/ISPY2-3DGCNN/external/ispy2_support_sources/Analysis-mask-files-description.v20211020_357efed331.docx,downloaded_or_extracted_support,.docx,0.0273,mask_or_segmentation_candidate,mask;analysis,not_opened,,,61
/home/mdsubhan01/ISPY2-3DGCNN/external/ispy2_support_sources/Analysis_mask_files_description.v20211020_63cee03832.docx,downloaded_or_extracted_support,.docx,0.0273,mask_or_segmentation_candidate,mask;analysis,not_opened,,,61
/home/mdsubhan01/ISPY2-3DGCNN/external/ispy2_clinical_support/Analysis_mask_files_description.v2021102_63cee03832bf.dat,local_scan,.dat,0.0273,mask_or_segmentation_candidate,mask;analysis,not_opened,,,61
/home/mdsubhan01/ISPY2-3DGCNN/reports/table_views/phase3b_tumor_peritumor_features_pilot.md,local_scan,.md,0.0228,mask_or_segmentation_candidate,tumor;pe,not_opened,,,61
/home/mdsubhan01/ISPY2-3DGCNN/reports/figures/170_phase7a_tumor_mask_overlay_grid.png,local_scan,.png,0.0187,mask_or_segmentation_candidate,mask;tumor,not_opened,,,61
/home/mdsubhan01/ISPY2-3DGCNN/reports/tables/phase7e_recovered_tumor_modeling_dataset.csv,local_scan,.csv,0.0018,mask_or_segmentation_candidate,tumor,read_ok,patient_folder;label;selected_threshold;row_spacing_mm;col_spacing_mm;slice_thickness_mm;tumor_volume_proxy_mm3_3d;tumor_volume_proxy_cm3_3d;nonzero_frames_3d;tumor_area_px_2d;tumor_area_mm2_2d;mask_fraction_2d;perimeter_px_2d;circularity_2d;solidity_2d;eccentricity_2d;bbox_height_px;bbox_width_px;mr_signal_mean_tumor;mr_signal_std_tumor;mr_signal_mean_peritumor;mr_signal_std_peritumor;tumor_to_peritumor_signal_ratio;radial_signal_bin_1;radial_signal_bin_2;radial_signal_bin_3;radial_signal_bin_4;radial_signal_bin_5;low_enhancement_fraction;mid_enhancement_fraction;high_enhancement_fraction;vessel_density_tumor_2d;vessel_density_peritumor_2d;vesselness_mean_tumor_2d;vesselness_mean_peritumor_2d;vessel_density_ratio_tumor_to_peritumor,ISPY2-109623;1.0;101.7;0.5664;0.5664;2.0;178265.19803904003;178.26519803904003;80.0;5633.0;1807.11687168;0.0859527587890625;519.8477631085024;0.2619372454604414;0.8002557181417815;0.8269137098092424;99.0;100.0;0.2203680691165158;0.1876706566783771,61
/home/mdsubhan01/ISPY2-3DGCNN/reports/Phase3B_Tumor_Peritumor_Features_Summary.md,local_scan,.md,0.0011,mask_or_segmentation_candidate,tumor;pe,not_opened,,,61
/home/mdsubhan01/ISPY2-3DGCNN/reports/table_views/phase7e_recovered_tumor_model_performance.md,local_scan,.md,0.0003,mask_or_segmentation_candidate,tumor;pe,not_opened,,,61
/home/mdsubhan01/ISPY2-3DGCNN/external/ispy2_support_sources/Multi-feature-MRI-NACT-Data_ecf30cc015.xlsx,downloaded_or_extracted_support,.xlsx,0.1268,FTV_candidate,,read_ok,CLINICAL-TRIAL-SUBJECT-ID;VOLUME_TUM_BLU_V10;VOLUME_TUM_BLU_V20;VOLUME_TUM_BLU_V30;VOLUME_TUM_BLU_V40;SPHERICITY_T0;SPHERICITY_T1;SPHERICITY_T2;SPHERICITY_T3;LD_T0;LD_T1;LD_T2;LD_T3;BPE_5slice_mean_T0;BPE_5slice_mean_T1;BPE_5slice_mean_T2;BPE_5slice_mean_T3;FTV_pch_T0_T1;FTV_pch_T0_T2;FTV_pch_T0_T3;Sphericity_pch_T0_T1;Sphericity_pch_T0_T2;Sphericity_pch_T0_T3;LD_pch_T0_T1;LD_pch_T0_T2;LD_pch_T0_T3;BPE_pch_T0_T1;BPE_pch_T0_T2;BPE_pch_T0_T3,111881;8.4550515;0.48795428;0.10425921;0.031754074;0.28892515;0.21739747;0.28103197;0.37352297;2.6;0;0;0;25.2538;16.4853;14.9987;14.9921;-94.2288431951006;-98.7669003553674;-99.6244366577779,56
/home/mdsubhan01/ISPY2-3DGCNN/external/ispy2_support_sources/Multi-feature_MRI_NACT_Data_b3cb2e5ecf.xlsx,downloaded_or_extracted_support,.xlsx,0.1268,FTV_candidate,,read_ok,CLINICAL-TRIAL-SUBJECT-ID;VOLUME_TUM_BLU_V10;VOLUME_TUM_BLU_V20;VOLUME_TUM_BLU_V30;VOLUME_TUM_BLU_V40;SPHERICITY_T0;SPHERICITY_T1;SPHERICITY_T2;SPHERICITY_T3;LD_T0;LD_T1;LD_T2;LD_T3;BPE_5slice_mean_T0;BPE_5slice_mean_T1;BPE_5slice_mean_T2;BPE_5slice_mean_T3;FTV_pch_T0_T1;FTV_pch_T0_T2;FTV_pch_T0_T3;Sphericity_pch_T0_T1;Sphericity_pch_T0_T2;Sphericity_pch_T0_T3;LD_pch_T0_T1;LD_pch_T0_T2;LD_pch_T0_T3;BPE_pch_T0_T1;BPE_pch_T0_T2;BPE_pch_T0_T3,111881;8.4550515;0.48795428;0.10425921;0.031754074;0.28892515;0.21739747;0.28103197;0.37352297;2.6;0;0;0;25.2538;16.4853;14.9987;14.9921;-94.2288431951006;-98.7669003553674;-99.6244366577779,56
/home/mdsubhan01/ISPY2-3DGCNN/external/ispy2_clinical_support/Multi-feature_MRI_NACT_Data_b3cb2e5ecfa7.xlsx,local_scan,.xlsx,0.1268,FTV_candidate,,read_ok,CLINICAL-TRIAL-SUBJECT-ID;VOLUME_TUM_BLU_V10;VOLUME_TUM_BLU_V20;VOLUME_TUM_BLU_V30;VOLUME_TUM_BLU_V40;SPHERICITY_T0;SPHERICITY_T1;SPHERICITY_T2;SPHERICITY_T3;LD_T0;LD_T1;LD_T2;LD_T3;BPE_5slice_mean_T0;BPE_5slice_mean_T1;BPE_5slice_mean_T2;BPE_5slice_mean_T3;FTV_pch_T0_T1;FTV_pch_T0_T2;FTV_pch_T0_T3;Sphericity_pch_T0_T1;Sphericity_pch_T0_T2;Sphericity_pch_T0_T3;LD_pch_T0_T1;LD_pch_T0_T2;LD_pch_T0_T3;BPE_pch_T0_T1;BPE_pch_T0_T2;BPE_pch_T0_T3,111881;8.4550515;0.48795428;0.10425921;0.031754074;0.28892515;0.21739747;0.28103197;0.37352297;2.6;0;0;0;25.2538;16.4853;14.9987;14.9921;-94.2288431951006;-98.7669003553674;-99.6244366577779,56
/home/mdsubhan01/ISPY2-3DGCNN/external/ispy2_clinical_support/Multi-feature-MRI-NACT-Data_ecf30cc01593.xlsx,local_scan,.xlsx,0.1268,FTV_candidate,,read_ok,CLINICAL-TRIAL-SUBJECT-ID;VOLUME_TUM_BLU_V10;VOLUME_TUM_BLU_V20;VOLUME_TUM_BLU_V30;VOLUME_TUM_BLU_V40;SPHERICITY_T0;SPHERICITY_T1;SPHERICITY_T2;SPHERICITY_T3;LD_T0;LD_T1;LD_T2;LD_T3;BPE_5slice_mean_T0;BPE_5slice_mean_T1;BPE_5slice_mean_T2;BPE_5slice_mean_T3;FTV_pch_T0_T1;FTV_pch_T0_T2;FTV_pch_T0_T3;Sphericity_pch_T0_T1;Sphericity_pch_T0_T2;Sphericity_pch_T0_T3;LD_pch_T0_T1;LD_pch_T0_T2;LD_pch_T0_T3;BPE_pch_T0_T1;BPE_pch_T0_T2;BPE_pch_T0_T3,111881;8.4550515;0.48795428;0.10425921;0.031754074;0.28892515;0.21739747;0.28103197;0.37352297;2.6;0;0;0;25.2538;16.4853;14.9987;14.9921;-94.2288431951006;-98.7669003553674;-99.6244366577779,56
/home/mdsubhan01/ISPY2-3DGCNN/external/ispy2_support_sources/ISPY2-Cohort1-inclu-ACRIN6698-full-manifes-nb_e723a589a6.xlsx,downloaded_or_extracted_support,.xlsx,7.4568,PE_SER_candidate,,read_ok,Patient ID;Patient Name;Patient Birth Date;Patient Sex;Ethnic Group;Phantom;Species Code;Species Description;Study Instance UID;Study Date;Study Description;Admitting Diagnosis Description;Study ID;Patient Age;Longitudinal Temporal Event Type;Longitudinal Temporal Offset From Event;Series Instance UID;Project;Modality;Protocol Name;Series Date;Series Description;Body Part Examined;Series Number;Annotations Flag;Manufacturer;Manufacturer Model Name;Software Versions;Image Count;Max Submission Timestamp;License Name;License URI;Collection URI;File Size;Date Released;Third Party Analysis,ACRIN-6698-373346;ACRIN-6698-373346^Site-AAE^ISPY2;;F;;NO;337915000;Homo sapiens;1.3.6.1.4.1.14519.5.2.1.7695.4164.3383048528155123;2001-02-07 00:00:00.0;ACRIN-6698_ISPY2_MRI_T0;;373346_T0;;;;1.3.6.1.4.1.14519.5.2.1.7695.4164.1463284585444231;ACRIN-6698;MR;ACRIN BREAST 6698  (9-1/,56
/home/mdsubhan01/ISPY2-3DGCNN/external/ispy2_clinical_support/ISPY2-Cohort1-inclu-ACRIN6698-full-manif_e723a589a6c1.xlsx,local_scan,.xlsx,7.4568,PE_SER_candidate,,read_ok,Patient ID;Patient Name;Patient Birth Date;Patient Sex;Ethnic Group;Phantom;Species Code;Species Description;Study Instance UID;Study Date;Study Description;Admitting Diagnosis Description;Study ID;Patient Age;Longitudinal Temporal Event Type;Longitudinal Temporal Offset From Event;Series Instance UID;Project;Modality;Protocol Name;Series Date;Series Description;Body Part Examined;Series Number;Annotations Flag;Manufacturer;Manufacturer Model Name;Software Versions;Image Count;Max Submission Timestamp;License Name;License URI;Collection URI;File Size;Date Released;Third Party Analysis,ACRIN-6698-373346;ACRIN-6698-373346^Site-AAE^ISPY2;;F;;NO;337915000;Homo sapiens;1.3.6.1.4.1.14519.5.2.1.7695.4164.3383048528155123;2001-02-07 00:00:00.0;ACRIN-6698_ISPY2_MRI_T0;;373346_T0;;;;1.3.6.1.4.1.14519.5.2.1.7695.4164.1463284585444231;ACRIN-6698;MR;ACRIN BREAST 6698  (9-1/,56
/home/mdsubhan01/ISPY2-3DGCNN/external/ispy2_support_sources/ISPY2-719-patients-only-manifest-Jan-2022-nbi_99130f9823.xlsx,downloaded_or_extracted_support,.xlsx,5.6146,PE_SER_candidate,,read_ok,Patient ID;Patient Name;Patient Birth Date;Patient Sex;Ethnic Group;Phantom;Species Code;Species Description;Study Instance UID;Study Date;Study Description;Admitting Diagnosis Description;Study ID;Patient Age;Longitudinal Temporal Event Type;Longitudinal Temporal Offset From Event;Series Instance UID;Project;Modality;Protocol Name;Series Date;Series Description;Body Part Examined;Series Number;Annotations Flag;Manufacturer;Manufacturer Model Name;Software Versions;Image Count;Max Submission Timestamp;License Name;License URI;Collection URI;File Size;Date Released;Third Party Analysis,ISPY2-105286;ISPY2-105286^Site-AAJ;;F;;NO;337915000;Homo sapiens;1.3.6.1.4.1.14519.5.2.1.25796560785264686552985881;2002-01-31 00:00:00.0;ISPY2_MRI_T1;;105286_T1;;;;1.3.6.1.4.1.14519.5.2.1.28839289130649357299609309;ISPY2;MR;,56
/home/mdsubhan01/ISPY2-3DGCNN/external/ispy2_clinical_support/ISPY2-719-patients-only-manifest-Jan-202_99130f982337.xlsx,local_scan,.xlsx,5.6146,PE_SER_candidate,,read_ok,Patient ID;Patient Name;Patient Birth Date;Patient Sex;Ethnic Group;Phantom;Species Code;Species Description;Study Instance UID;Study Date;Study Description;Admitting Diagnosis Description;Study ID;Patient Age;Longitudinal Temporal Event Type;Longitudinal Temporal Offset From Event;Series Instance UID;Project;Modality;Protocol Name;Series Date;Series Description;Body Part Examined;Series Number;Annotations Flag;Manufacturer;Manufacturer Model Name;Software Versions;Image Count;Max Submission Timestamp;License Name;License URI;Collection URI;File Size;Date Released;Third Party Analysis,ISPY2-105286;ISPY2-105286^Site-AAJ;;F;;NO;337915000;Homo sapiens;1.3.6.1.4.1.14519.5.2.1.25796560785264686552985881;2002-01-31 00:00:00.0;ISPY2_MRI_T1;;105286_T1;;;;1.3.6.1.4.1.14519.5.2.1.28839289130649357299609309;ISPY2;MR;,56
/home/mdsubhan01/ISPY2-3DGCNN/reports/tables/phase7b_seg_case_deep_diagnosis.csv,local_scan,.csv,0.1593,PE_SER_candidate,,read_ok,case_no;patient_folder;study_folder;seg_series_uid;seg_file;link_confidence;diagnosis_status;segmentation_type;series_description;content_label;content_description;n_frames;rows;cols;frame_area;pixel_unique_values_first_frames;n_segment_sequence_items;n_frame_segment_numbers;plausible_segment_count;full_slice_segment_count;segment_classifications,1;ISPY2-100899;1.3.6.1.4.1.14519.5.2.1.19140731108220017646017623;1.3.6.1.4.1.14519.5.2.1.17067099251972717303844787;/home/mdsubhan01/ispy2/ispy2/ISPY2-100899/1.3.6.1.;medium;only_full_slice_segments;FRACTIONAL;ISPY2: VOLSER: uni-lateral cropped: Analysis Mask;ANALYSIS_MASK;Bit-map mask of SER tumor segmentation;80;256;256;65536;32;33;34;49;1;1;0;1,56
/home/mdsubhan01/ISPY2-3DGCNN/reports/tables/phase7b_seg_segment_deep_diagnosis.csv,local_scan,.csv,0.1482,PE_SER_candidate,,read_ok,case_no;patient_folder;study_folder;seg_series_uid;segment_number;segment_label;segment_description;property_category;property_type;algorithm_type;nonzero_frames;max_frame_pixels;median_nonzero_frame_pixels;max_frame_fraction;median_nonzero_frame_fraction;total_mask_fraction_3d;segment_classification;seg_file,"1;ISPY2-100899;1.3.6.1.4.1.14519.5.2.1.19140731108220017646017623;1.3.6.1.4.1.14519.5.2.1.17067099251972717303844787;1;VOLSER Analysis Mask;VOLSER,BACKGROUND=475,SER PE THRESHOLD=70;Tissue;Breast;SEMIAUTOMATIC;80;65536;65536.0;1.0;1.0;0.9993051528930664;full_slice_mask;/home/mdsubhan01/ispy2/ispy2/ISPY2-100899/1.3.6.1.",56
/home/mdsubhan01/ISPY2-3DGCNN/reports/tables/phase4d_label_candidate_preview.csv,local_scan,.csv,0.0649,PE_SER_candidate,,read_ok,candidate_rank;source_file;preview_row;patient_folder;biomarker_tier;nonzero_seg_frames;volume_proxy_mm3;tumor_volume_proxy_cm3;mean_mask_pixels_per_nonzero_frame;matched_nonzero_frames;mean_abs_z_error_mm;median_abs_z_error_mm;study_folder;seg_series_uid;matched_mr_series_uid;nonzero_frames_with_seg_z;max_abs_z_error_mm;example_overlay_created;NumberOfFrames;segment_numbers;series_folder;series_path;seg_series_uid_inventory;FrameOfReferenceUID;referenced_series_uids;n_referenced_series_uids;seg_number_of_frames;matched_mr_protocol_name;seg_series_path;seg_frame_of_reference_uid;matched_mr_series_path;matched_mr_series_description;nonzero_frames;ProtocolName;Manufacturer;folder_modality_prefix;SeriesInstanceUID;SeriesDescription;segment_nonzero_frame_counts;n_series,1;/home/mdsubhan01/ISPY2-3DGCNN/reports/tables/phase;0;ISPY2-100899;z_verified_shape_warning;80;4621308.91883594;4621.30891883594;65490.4625;80;0.0;0.0;1.3.6.1.4.1.14519.5.2.1.19140731108220017646017623;1.3.6.1.4.1.14519.5.2.1.17067099251972717303844787;1.3.6.1.4.1.14519.5.2.1.12189572549353642826766136;;;;;,56
/home/mdsubhan01/ISPY2-3DGCNN/reports/tables/phase3d_verified_biomarker_table.csv,local_scan,.csv,0.0497,PE_SER_candidate,,read_ok,patient_folder;study_folder;seg_series_uid;matched_mr_series_uid;link_status;link_confidence;status;biomarker_tier;nonzero_seg_frames;total_mask_pixels;volume_proxy_mm3;tumor_volume_proxy_cm3;mean_mask_pixels_per_nonzero_frame;row_spacing_mm;col_spacing_mm;slice_thickness_mm;matched_nonzero_frames;shape_matched_frames;shape_match_fraction;mean_abs_z_error_mm;median_abs_z_error_mm;max_abs_z_error_mm;pct_frames_within_1mm;pct_frames_within_2mm;pct_frames_within_5mm,ISPY2-100899;1.3.6.1.4.1.14519.5.2.1.19140731108220017646017623;1.3.6.1.4.1.14519.5.2.1.17067099251972717303844787;1.3.6.1.4.1.14519.5.2.1.12189572549353642826766136;same_patient_same_study_best_mr;medium;z_ready_shape_warning;z_verified_shape_warning;80;5239237;4621308.91883594;4621.30891883594;65490.4625;0.6641;0.6641;2.0;80;0;0.0;0.0,56
/home/mdsubhan01/ISPY2-3DGCNN/reports/tables/phase3c_geometry_matching_qc.csv,local_scan,.csv,0.0457,PE_SER_candidate,,read_ok,patient_folder;study_folder;seg_series_uid;matched_mr_series_uid;link_status;link_confidence;status;seg_frames;seg_rows;seg_cols;nonzero_seg_frames;total_mask_pixels;row_spacing_mm;col_spacing_mm;slice_thickness_mm;volume_proxy_mm3;mr_slices_with_z;nonzero_frames_with_seg_z;matched_nonzero_frames;shape_matched_frames;mean_abs_z_error_mm;median_abs_z_error_mm;max_abs_z_error_mm;pct_frames_within_1mm;pct_frames_within_2mm;pct_frames_within_5mm;example_overlay_created,ISPY2-100899;1.3.6.1.4.1.14519.5.2.1.19140731108220017646017623;1.3.6.1.4.1.14519.5.2.1.17067099251972717303844787;1.3.6.1.4.1.14519.5.2.1.12189572549353642826766136;same_patient_same_study_best_mr;medium;z_ready_shape_warning;80;256;256;80;5239237;0.6641;0.6641;2.0;4621308.91883594;106;80;80;0,56
/home/mdsubhan01/ISPY2-3DGCNN/reports/tables/phase7a_seg_segment_label_audit.csv,local_scan,.csv,0.0275,PE_SER_candidate,,read_ok,segment_number;segment_label;segment_description;algorithm_type;nonzero_frames;max_frame_pixels;max_frame_fraction;total_mask_pixels;total_mask_fraction_3d;score;score_reason;case_no;patient_folder;study_folder;seg_series_uid,"1;VOLSER Analysis Mask;VOLSER,BACKGROUND=475,SER PE THRESHOLD=70;SEMIAUTOMATIC;80;65536;1.0;5239237;0.9993051528930664;-250.0;exclude_label_word;full_slice_or_too_large;large_t;1;ISPY2-100899;1.3.6.1.4.1.14519.5.2.1.19140731108220017646017623;1.3.6.1.4.1.14519.5.2.1.17067099251972717303844787",56
/home/mdsubhan01/ISPY2-3DGCNN/reports/tables/one_patient_vascular_atlas_features.csv,local_scan,.csv,0.0006,PE_SER_candidate,,read_ok,status;patient_folder;series_path;used_slices;height;width;voxel_mm3;prototype_tumor_voxels;prototype_volume_mm3;surface_mm2;sphericity;compactness;mean_normalized_signal_roi;vessel_density_tumor_2d;vessel_density_peritumor_2d,success_prototype_roi_not_clinical;ISPY2-100899;/home/mdsubhan01/ispy2/ispy2/ISPY2-100899/1.3.6.1.;106;512;512;0.8820576200000001;2261653;1994908.2624458603;1104611.1659843083;0.06937824583190796;0.0017183387566818483;0.7066951990127563;0.06839960849475338;0.008182403236186448,56
/home/mdsubhan01/ISPY2-3DGCNN/reports/figures/130_segmentation_qc_overlay_grid.png,local_scan,.png,22.9183,mask_or_segmentation_candidate,segmentation,not_opened,,,56
/home/mdsubhan01/ISPY2-3DGCNN/reports/tables/phase7c_fractional_threshold_audit.csv,local_scan,.csv,14.196,mask_or_segmentation_candidate,,read_ok,threshold;threshold_status;score;nonzero_frames;max_frame_pixels;median_nonzero_frame_pixels;max_frame_fraction;median_nonzero_frame_fraction;total_mask_fraction_3d;total_mask_pixels;case_no;patient_folder;study_folder;seg_series_uid;seg_file,0.49;reject_full_or_large;-100.0;80;65536;65536.0;1.0;1.0;0.9993051528930664;5239237;1;ISPY2-100899;1.3.6.1.4.1.14519.5.2.1.19140731108220017646017623;1.3.6.1.4.1.14519.5.2.1.17067099251972717303844787;/home/mdsubhan01/ispy2/ispy2/ISPY2-100899/1.3.6.1.,56
/home/mdsubhan01/ISPY2-3DGCNN/reports/tables/phase3a_feature_precheck.csv,local_scan,.csv,2.8567,mask_or_segmentation_candidate,,read_ok,patient_folder;study_folder;seg_series_uid;seg_first_dcm;seg_series_path;link_status;link_confidence;matched_mr_series_uid;matched_mr_series_path;matched_mr_first_dcm;matched_mr_series_description;matched_mr_protocol_name;matched_mr_dcm_count;segment_labels;has_seg_file;has_mr_file;matched_mr_dcm_count_num;decode_status;n_frames;nonzero_frames;total_mask_pixels;volume_proxy_mm3;segment_pixel_counts;phase3_ready_basic,ISPY2-100899;1.3.6.1.4.1.14519.5.2.1.19140731108220017646017623;1.3.6.1.4.1.14519.5.2.1.17067099251972717303844787;/home/mdsubhan01/ispy2/ispy2/ISPY2-100899/1.3.6.1.;/home/mdsubhan01/ispy2/ispy2/ISPY2-100899/1.3.6.1.;same_patient_same_study_best_mr;medium;1.3.6.1.4.1.14519.5.2.1.12189572549353642826766136;/home/mdsubhan01/ispy2/ispy2/ISPY2-100899/1.3.6.1.;/home/mdsubhan01/ispy2/ispy2/ISPY2-100899/1.3.6.1.;ISPY2: Ph3/AX VIBRANT-SERIES;;106;1:VOLSER Analysis Mask:SEMIAUTOMATIC;yes;yes;106;success;80;80,56
/home/mdsubhan01/ISPY2-3DGCNN/reports/figures/segmentation_qc_case_010.png,local_scan,.png,0.6939,mask_or_segmentation_candidate,segmentation,not_opened,,,56
/home/mdsubhan01/ISPY2-3DGCNN/reports/figures/segmentation_qc_case_009.png,local_scan,.png,0.6693,mask_or_segmentation_candidate,segmentation,not_opened,,,56
/home/mdsubhan01/ISPY2-3DGCNN/reports/figures/segmentation_qc_case_011.png,local_scan,.png,0.6683,mask_or_segmentation_candidate,segmentation,not_opened,,,56
/home/mdsubhan01/ISPY2-3DGCNN/reports/figures/segmentation_qc_case_012.png,local_scan,.png,0.6366,mask_or_segmentation_candidate,segmentation,not_opened,,,56
/home/mdsubhan01/ISPY2-3DGCNN/reports/figures/segmentation_qc_case_007.png,local_scan,.png,0.6071,mask_or_segmentation_candidate,segmentation,not_opened,,,56
/home/mdsubhan01/ISPY2-3DGCNN/reports/figures/segmentation_qc_case_005.png,local_scan,.png,0.5914,mask_or_segmentation_candidate,segmentation,not_opened,,,56
/home/mdsubhan01/ISPY2-3DGCNN/reports/figures/segmentation_qc_case_008.png,local_scan,.png,0.5539,mask_or_segmentation_candidate,segmentation,not_opened,,,56
/home/mdsubhan01/ISPY2-3DGCNN/reports/figures/segmentation_qc_case_006.png,local_scan,.png,0.5524,mask_or_segmentation_candidate,segmentation,not_opened,,,56
/home/mdsubhan01/ISPY2-3DGCNN/reports/figures/segmentation_qc_case_003.png,local_scan,.png,0.1756,mask_or_segmentation_candidate,segmentation,not_opened,,,56
/home/mdsubhan01/ISPY2-3DGCNN/reports/figures/segmentation_qc_case_001.png,local_scan,.png,0.1692,mask_or_segmentation_candidate,segmentation,not_opened,,,56
/home/mdsubhan01/ISPY2-3DGCNN/reports/figures/segmentation_qc_case_004.png,local_scan,.png,0.161,mask_or_segmentation_candidate,segmentation,not_opened,,,56
/home/mdsubhan01/ISPY2-3DGCNN/reports/figures/segmentation_qc_case_002.png,local_scan,.png,0.0915,mask_or_segmentation_candidate,segmentation,not_opened,,,56
/home/mdsubhan01/ISPY2-3DGCNN/reports/figures/131_segmentation_qc_status_counts.png,local_scan,.png,0.0544,mask_or_segmentation_candidate,segmentation,not_opened,,,56
/home/mdsubhan01/ISPY2-3DGCNN/reports/figures/182_phase7b_mask_fraction_distribution.png,local_scan,.png,0.0514,mask_or_segmentation_candidate,mask,not_opened,,,56
/home/mdsubhan01/ISPY2-3DGCNN/reports/figures/191_phase7c_selected_mask_fraction.png,local_scan,.png,0.0474,mask_or_segmentation_candidate,mask,not_opened,,,56
/home/mdsubhan01/ISPY2-3DGCNN/reports/figures/140_phase6a_tumor_area_mm2.png,local_scan,.png,0.0469,mask_or_segmentation_candidate,tumor,not_opened,,,56
/home/mdsubhan01/ISPY2-3DGCNN/reports/figures/222_phase7f_mask_fraction_distribution.png,local_scan,.png,0.044,mask_or_segmentation_candidate,mask,not_opened,,,56
/home/mdsubhan01/ISPY2-3DGCNN/reports/figures/202_phase7d_tumor_area.png,local_scan,.png,0.0404,mask_or_segmentation_candidate,tumor,not_opened,,,56
/home/mdsubhan01/ISPY2-3DGCNN/reports/table_views/segmentation_qc_case_audit.md,local_scan,.md,0.0204,mask_or_segmentation_candidate,segmentation,not_opened,,,56
/home/mdsubhan01/ISPY2-3DGCNN/reports/table_views/phase7e_recovered_tumor_label_merge.md,local_scan,.md,0.0202,mask_or_segmentation_candidate,tumor,not_opened,,,56
/home/mdsubhan01/ISPY2-3DGCNN/reports/figures/172_phase7a_mask_fraction_distribution.png,local_scan,.png,0.0185,mask_or_segmentation_candidate,mask,not_opened,,,56
/home/mdsubhan01/ISPY2-3DGCNN/reports/table_views/seg_mask_qc_features.md,local_scan,.md,0.0179,mask_or_segmentation_candidate,mask,not_opened,,,56
/home/mdsubhan01/ISPY2-3DGCNN/reports/table_views/phase7d_recovered_tumor_vascular_features.md,local_scan,.md,0.0152,mask_or_segmentation_candidate,tumor,not_opened,,,56
/home/mdsubhan01/ISPY2-3DGCNN/reports/tables/phase4b_modeling_dataset.csv,local_scan,.csv,0.0086,mask_or_segmentation_candidate,,read_ok,patient_folder;nonzero_seg_frames;total_mask_pixels;volume_proxy_mm3;tumor_volume_proxy_cm3;mean_mask_pixels_per_nonzero_frame;row_spacing_mm;col_spacing_mm;slice_thickness_mm;matched_nonzero_frames;shape_matched_frames;shape_match_fraction;mean_abs_z_error_mm;median_abs_z_error_mm;max_abs_z_error_mm;pct_frames_within_1mm;pct_frames_within_2mm;label;label_source_file;label_source_column,ISPY2-100899;80.0;5240123.5;4488250.5281019695;4488.250528101969;65501.54375;0.6543;0.6543;2.0;80.0;0.0;0.0;4.393749999995374e-06;0.0;3.700000000013415e-05;1.0;1.0;0;/home/mdsubhan01/ISPY2-3DGCNN/reports/tables/phase;pCR_label,56
/home/mdsubhan01/ISPY2-3DGCNN/reports/tables/phase4a_required_label_template.csv,local_scan,.csv,0.0053,mask_or_segmentation_candidate,,read_ok,patient_folder;pCR_label;response_label;tumor_subtype;treatment_arm;label_source;notes;n_biomarker_records;n_strict_verified_records;n_warning_records;median_tumor_volume_proxy_cm3,ISPY2-100899;0;;;;/home/mdsubhan01/ISPY2-3DGCNN/external/ispy2_clini;;4;0;4;4488.250528101969,56
/home/mdsubhan01/ISPY2-3DGCNN/reports/tables/phase4c_pcr_label_template.csv,local_scan,.csv,0.0053,mask_or_segmentation_candidate,,read_ok,patient_folder;pCR_label;response_label;tumor_subtype;treatment_arm;label_source;notes;n_biomarker_records;n_strict_verified_records;n_warning_records;median_tumor_volume_proxy_cm3,ISPY2-100899;0;;;;/home/mdsubhan01/ISPY2-3DGCNN/external/ispy2_clini;;4;0;4;4488.250528101969,56
/home/mdsubhan01/ISPY2-3DGCNN/reports/table_views/phase6a_qc_pass_tumor_vascular_features.md,local_scan,.md,0.0034,mask_or_segmentation_candidate,tumor,not_opened,,,56
/home/mdsubhan01/ISPY2-3DGCNN/reports/tables/phase6b_vascular_modeling_dataset.csv,local_scan,.csv,0.0016,mask_or_segmentation_candidate,,read_ok,patient_folder;label;row_spacing_mm;col_spacing_mm;slice_thickness_mm;tumor_volume_proxy_mm3_3d;tumor_volume_proxy_cm3_3d;tumor_area_px_2d;tumor_area_mm2_2d;perimeter_px_2d;circularity_2d;bbox_height_px;bbox_width_px;mr_signal_mean_tumor;mr_signal_std_tumor;radial_signal_bin_1;radial_signal_bin_2;radial_signal_bin_3;radial_signal_bin_4;radial_signal_bin_5;low_enhancement_fraction;mid_enhancement_fraction;high_enhancement_fraction;vessel_density_tumor_2d;vesselness_mean_tumor_2d;vessel_density_ratio_tumor_to_peritumor,ISPY2-104384;1;0.625;0.625;2.0;4077987.890625;4077.9878906249996;65536.0;25600.0;1020.0;0.7915702273958427;256.0;256.0;0.06447718622297441;0.1567792776923945;0.026137679299551398;0.0389551981204551;0.0405789280683699;0.06947863390601565;0.08444906484999705,56
/home/mdsubhan01/ISPY2-3DGCNN/reports/Phase6A_QC_Pass_Tumor_Vascular_Feature_Summary.md,local_scan,.md,0.0015,mask_or_segmentation_candidate,tumor,not_opened,,,56
/home/mdsubhan01/ISPY2-3DGCNN/reports/Phase7A_Tumor_SEG_Decoding_Fix_Report.md,local_scan,.md,0.0014,mask_or_segmentation_candidate,tumor,not_opened,,,56
/home/mdsubhan01/ISPY2-3DGCNN/reports/Phase7F_Expanded_Recovered_Tumor_Cohort_Report.md,local_scan,.md,0.0013,mask_or_segmentation_candidate,tumor,not_opened,,,56
/home/mdsubhan01/ISPY2-3DGCNN/reports/Phase7E_Recovered_Tumor_pCR_Feasibility_Report.md,local_scan,.md,0.0011,mask_or_segmentation_candidate,tumor,not_opened,,,56
/home/mdsubhan01/ISPY2-3DGCNN/reports/Phase7D_Recovered_Tumor_Feature_Rebuild_Report.md,local_scan,.md,0.0009,mask_or_segmentation_candidate,tumor,not_opened,,,56
/home/mdsubhan01/ISPY2-3DGCNN/reports/table_views/phase7e_recovered_tumor_modeling_dataset.md,local_scan,.md,0.0007,mask_or_segmentation_candidate,tumor,not_opened,,,56
/home/mdsubhan01/ISPY2-3DGCNN/reports/Segmentation_QC_Report.md,local_scan,.md,0.0003,mask_or_segmentation_candidate,segmentation,not_opened,,,56
/home/mdsubhan01/ISPY2-3DGCNN/reports/tables/seg_series_metadata.csv,local_scan,.csv,2.5751,other_support_candidate,ser,read_ok,patient_folder;study_folder;series_folder;series_path;first_dcm;seg_series_uid_inventory;seg_study_uid_inventory;dicom_read_status;PatientID;SOPInstanceUID;seg_series_uid;seg_study_uid;FrameOfReferenceUID;Rows;Columns;NumberOfFrames;ContentDate;ContentTime;segment_numbers;segment_labels;referenced_series_uids;n_referenced_series_uids,ISPY2-100899;1.3.6.1.4.1.14519.5.2.1.19140731108220017646017623;SEG_1.3.6.1.4.1.14519.5.2.1.1706709925197271730384;/home/mdsubhan01/ispy2/ispy2/ISPY2-100899/1.3.6.1.;/home/mdsubhan01/ispy2/ispy2/ISPY2-100899/1.3.6.1.;1.3.6.1.4.1.14519.5.2.1.17067099251972717303844787;1.3.6.1.4.1.14519.5.2.1.19140731108220017646017623;success;ISPY2-100899;1.3.6.1.4.1.14519.5.2.1.32438295226538984372487110;1.3.6.1.4.1.14519.5.2.1.17067099251972717303844787;1.3.6.1.4.1.14519.5.2.1.19140731108220017646017623;1.3.6.1.4.1.14519.5.2.1.21262370921863660205207467;256;256;80;20090823;114557;1;1:VOLSER Analysis Mask:SEMIAUTOMATIC,11
/home/mdsubhan01/ISPY2-3DGCNN/external/ispy2_support_sources/pediatric-data-collections-and-analysis_5654074b6b.dat,downloaded_or_extracted_support,.dat,0.2541,other_support_candidate,pe;analysis,not_opened,,,11
/home/mdsubhan01/ISPY2-3DGCNN/reports/tables/phase4d_label_candidate_deep_inspection.csv,local_scan,.csv,0.0132,other_support_candidate,pe,read_ok,candidate_rank;file_path;file_exists;patient_column_from_phase4;label_column_from_phase4;patient_overlap_from_phase4;usable_labeled_patients_from_phase4;n_positive_from_phase4;n_negative_from_phase4;status_from_phase4;read_status;n_rows;n_columns;label_like_columns_found;all_columns_preview;label_value_preview,"1;/home/mdsubhan01/ISPY2-3DGCNN/reports/tables/phase;True;patient_folder;;35;0;0;0;no_patient_or_label_column;read_ok;120;25;biomarker_tier; nonzero_seg_frames; volume_proxy_m;patient_folder; study_folder; seg_series_uid; matc;biomarker_tier => z_verified_shape_warning:61, str",11
/home/mdsubhan01/ISPY2-3DGCNN/reports/tables/phase4a_unsupervised_pca_clusters.csv,local_scan,.csv,0.0062,other_support_candidate,pe,read_ok,patient_folder;PC1;PC2;cluster,ISPY2-100899;-1.8767351417212652;-1.540913382074369;0,11
/home/mdsubhan01/ISPY2-3DGCNN/reports/tables/phase4b_model_performance.csv,local_scan,.csv,0.0007,other_support_candidate,pe,read_ok,model;n_patients;n_splits;AUROC;AUPRC;accuracy;balanced_accuracy;F1;sensitivity;specificity,LogisticRegression;33;5;0.5461538461538461;0.7506391256164644;0.45454545454545453;0.4557692307692308;0.5;0.45;0.46153846153846156,11
/home/mdsubhan01/ISPY2-3DGCNN/external/ispy2_support_sources/ACRIN-6698-ISPY2-DWI-and-DCE-MRI-Data-Descrip_dce2101e85.pdf,downloaded_or_extracted_support,.pdf,0.2613,DWI_ADC_candidate,dwi,not_opened,,,6
/home/mdsubhan01/ISPY2-3DGCNN/external/ispy2_support_sources/ACRIN_6698_ISPY2_DWI_and_DCE_MRI_Data_Descrip_5a4fe257bc.pdf,downloaded_or_extracted_support,.pdf,0.2613,DWI_ADC_candidate,dwi,not_opened,,,6
/home/mdsubhan01/ISPY2-3DGCNN/external/ispy2_clinical_support/ACRIN_6698_ISPY2_DWI_and_DCE_MRI_Data_De_5a4fe257bc13.dat,local_scan,.dat,0.2613,DWI_ADC_candidate,dwi,not_opened,,,6
/home/mdsubhan01/ISPY2-3DGCNN/external/ispy2_support_sources/ISPY2-Imaging-Cohort-1-Clinical-Data_b4908b4d4d.xlsx,downloaded_or_extracted_support,.xlsx,0.0555,clinical_label_candidate,,read_ok,Patient_ID;Arm;HR;HER2;MP;pCR;Age_at_Screening;Race;menopausal_status;ethnicity,756412;Paclitaxel + ABT 888 + Carboplatin;1;0;0;0;46;White;Premenopausal(< 6 months since LMP AND no prior bi;Not Hispanic or Latino,6
/home/mdsubhan01/ISPY2-3DGCNN/external/ispy2_support_sources/ISPY2_Imaging_Cohort_1_Clinical_Data_0f12ce3674.xlsx,downloaded_or_extracted_support,.xlsx,0.0555,clinical_label_candidate,,read_ok,Patient_ID;Arm;HR;HER2;MP;pCR;Age_at_Screening;Race;menopausal_status;ethnicity,756412;Paclitaxel + ABT 888 + Carboplatin;1;0;0;0;46;White;Premenopausal(< 6 months since LMP AND no prior bi;Not Hispanic or Latino,6
/home/mdsubhan01/ISPY2-3DGCNN/external/ispy2_clinical_support/ISPY2_Imaging_Cohort_1_Clinical_Data_0f12ce36747e.xlsx,local_scan,.xlsx,0.0555,clinical_label_candidate,,read_ok,Patient_ID;Arm;HR;HER2;MP;pCR;Age_at_Screening;Race;menopausal_status;ethnicity,756412;Paclitaxel + ABT 888 + Carboplatin;1;0;0;0;46;White;Premenopausal(< 6 months since LMP AND no prior bi;Not Hispanic or Latino,6
/home/mdsubhan01/ISPY2-3DGCNN/external/ispy2_clinical_support/ISPY2-Imaging-Cohort-1-Clinical-Data_b4908b4d4dab.xlsx,local_scan,.xlsx,0.0555,clinical_label_candidate,,read_ok,Patient_ID;Arm;HR;HER2;MP;pCR;Age_at_Screening;Race;menopausal_status;ethnicity,756412;Paclitaxel + ABT 888 + Carboplatin;1;0;0;0;46;White;Premenopausal(< 6 months since LMP AND no prior bi;Not Hispanic or Latino,6
/home/mdsubhan01/ISPY2-3DGCNN/external/ispy2_clinical_support/ACRIN_6698_ISPY2_Shared_Private_Tag_Data_910ee20fe104.xlsx,local_scan,.xlsx,0.0188,clinical_label_candidate,,read_ok,DICOM Tag;Name;Description;VR (VM) *; ,"(0113,""MI GE GNC ID STRING"",01);mrsc_imageGnc_dwiVersion;mrsc_imageGnc_dwiVersion;IS;",6
/home/mdsubhan01/ISPY2-3DGCNN/external/ispy2_clinical_support/ACRIN-6698-ISPY2-Shared-Private-Tag-Data_93d5b05fac29.xlsx,local_scan,.xlsx,0.0188,clinical_label_candidate,,read_ok,DICOM Tag;Name;Description;VR (VM) *; ,"(0113,""MI GE GNC ID STRING"",01);mrsc_imageGnc_dwiVersion;mrsc_imageGnc_dwiVersion;IS;",6
/home/mdsubhan01/ISPY2-3DGCNN/reports/tables/phase4e_clinical_download_log.csv,local_scan,.csv,0.0062,clinical_label_candidate,,read_ok,url;local_file;status,https://wiki.cancerimagingarchive.net/display/NBIA;/home/mdsubhan01/ISPY2-3DGCNN/external/ispy2_clini;downloaded,6
/home/mdsubhan01/ISPY2-3DGCNN/reports/tables/phase4e_auto_pcr_label_mapping.csv,local_scan,.csv,0.0043,clinical_label_candidate,,read_ok,patient_folder;pCR_label;label_source_file;label_source_column,ISPY2-111881;1;/home/mdsubhan01/ISPY2-3DGCNN/external/ispy2_clini;HR,6
/home/mdsubhan01/ISPY2-3DGCNN/reports/tables/phase5a_feature_importance.csv,local_scan,.csv,0.0019,clinical_label_candidate,,read_ok,feature;permutation_importance_mean;permutation_importance_std;mean_pCR_positive;mean_pCR_negative;mean_difference_positive_minus_negative,shape_match_fraction;0.07025641025641023;0.06611159453742887;0.4;0.3076923076923077;0.09230769230769231,6
/home/mdsubhan01/ISPY2-3DGCNN/reports/tables/phase4e_clinical_page_scan.csv,local_scan,.csv,0.0002,clinical_label_candidate,,read_ok,source_url;html_read;candidate_links_found,https://www.cancerimagingarchive.net/collection/is;yes;6,6
/home/mdsubhan01/ISPY2-3DGCNN/reports/tables/seg_mr_link_table.csv,local_scan,.csv,3.3247,other_support_candidate,,read_ok,patient_folder;study_folder;seg_series_path;seg_first_dcm;seg_series_uid;seg_study_uid;seg_frame_of_reference_uid;seg_rows;seg_columns;seg_number_of_frames;segment_labels;referenced_series_uids;link_status;link_confidence;matched_mr_series_uid;matched_mr_study_uid;matched_mr_series_path;matched_mr_first_dcm;matched_mr_series_description;matched_mr_protocol_name;matched_mr_dcm_count,ISPY2-100899;1.3.6.1.4.1.14519.5.2.1.19140731108220017646017623;/home/mdsubhan01/ispy2/ispy2/ISPY2-100899/1.3.6.1.;/home/mdsubhan01/ispy2/ispy2/ISPY2-100899/1.3.6.1.;1.3.6.1.4.1.14519.5.2.1.17067099251972717303844787;1.3.6.1.4.1.14519.5.2.1.19140731108220017646017623;1.3.6.1.4.1.14519.5.2.1.21262370921863660205207467;256;256;80;1:VOLSER Analysis Mask:SEMIAUTOMATIC;;same_patient_same_study_best_mr;medium;1.3.6.1.4.1.14519.5.2.1.12189572549353642826766136;1.3.6.1.4.1.14519.5.2.1.19140731108220017646017623;/home/mdsubhan01/ispy2/ispy2/ISPY2-100899/1.3.6.1.;/home/mdsubhan01/ispy2/ispy2/ISPY2-100899/1.3.6.1.;ISPY2: Ph3/AX VIBRANT-SERIES;,6
/home/mdsubhan01/ISPY2-3DGCNN/external/ispy2_support_sources/browse-analysis-results_05a218448b.dat,downloaded_or_extracted_support,.dat,0.2807,other_support_candidate,analysis,not_opened,,,6
/home/mdsubhan01/ISPY2-3DGCNN/reports/tables/cohort_visit_tracker_table.csv,local_scan,.csv,0.2548,other_support_candidate,,read_ok,patient_folder;study_folder;StudyDate;n_series;n_dicom;has_mr;has_seg;visit_index,ISPY2-100899;1.3.6.1.4.1.14519.5.2.1.19140731108220017646017623;20021026;16;1870;1;1;0,6
/home/mdsubhan01/ISPY2-3DGCNN/external/ispy2_support_sources/analysis-results_cce2ef3104.dat,downloaded_or_extracted_support,.dat,0.2541,other_support_candidate,analysis,not_opened,,,6
/home/mdsubhan01/ISPY2-3DGCNN/reports/figures/03_top_series_descriptions.png,local_scan,.png,0.2295,other_support_candidate,ser,not_opened,,,6
/home/mdsubhan01/ISPY2-3DGCNN/reports/figures/07_candidate_series_descriptions.png,local_scan,.png,0.2282,other_support_candidate,ser,not_opened,,,6
/home/mdsubhan01/ISPY2-3DGCNN/reports/figures/14_phase2_pipeline_diagram.png,local_scan,.png,0.1033,other_support_candidate,pe,not_opened,,,6
/home/mdsubhan01/ISPY2-3DGCNN/external/ispy2_support_sources/Challenge_competitions_590e737a09.dat,downloaded_or_extracted_support,.dat,0.0986,other_support_candidate,pe,not_opened,,,6
/home/mdsubhan01/ISPY2-3DGCNN/external/ispy2_support_sources/NIIiAQ_ec36ce497d.dat,downloaded_or_extracted_support,.dat,0.0883,other_support_candidate,nii,not_opened,,,6
/home/mdsubhan01/ISPY2-3DGCNN/reports/figures/121_phase5b_model_performance_summary.png,local_scan,.png,0.0851,other_support_candidate,pe,not_opened,,,6
/home/mdsubhan01/ISPY2-3DGCNN/external/ispy2_support_sources/User_Guides_9d622b4515.dat,downloaded_or_extracted_support,.dat,0.0764,other_support_candidate,ser,not_opened,,,6
/home/mdsubhan01/ISPY2-3DGCNN/reports/figures/52_phase3d_z_error_vs_volume.png,local_scan,.png,0.0677,other_support_candidate,volume,not_opened,,,6
/home/mdsubhan01/ISPY2-3DGCNN/reports/figures/63_phase4a_unsupervised_pca.png,local_scan,.png,0.0592,other_support_candidate,pe,not_opened,,,6
/home/mdsubhan01/ISPY2-3DGCNN/reports/figures/212_phase7e_model_performance.png,local_scan,.png,0.0584,other_support_candidate,pe,not_opened,,,6
/home/mdsubhan01/ISPY2-3DGCNN/reports/figures/120_phase5b_pipeline_summary.png,local_scan,.png,0.0511,other_support_candidate,pe,not_opened,,,6
/home/mdsubhan01/ISPY2-3DGCNN/reports/figures/53_phase3d_records_per_patient.png,local_scan,.png,0.0482,other_support_candidate,pe,not_opened,,,6
/home/mdsubhan01/ISPY2-3DGCNN/reports/figures/02_dicom_files_per_patient.png,local_scan,.png,0.0454,other_support_candidate,pe,not_opened,,,6
/home/mdsubhan01/ISPY2-3DGCNN/reports/figures/51_phase3d_volume_proxy_cm3.png,local_scan,.png,0.0448,other_support_candidate,volume,not_opened,,,6
/home/mdsubhan01/ISPY2-3DGCNN/external/ispy2_support_sources/js_composer.min_2b4914f6ac.css,downloaded_or_extracted_support,.css,0.0379,other_support_candidate,ser,not_opened,,,6
/home/mdsubhan01/ISPY2-3DGCNN/reports/table_views/seg_series_metadata.md,local_scan,.md,0.0272,other_support_candidate,ser,not_opened,,,6
/home/mdsubhan01/ISPY2-3DGCNN/external/ispy2_support_sources/ACRIN-6698-ISPY2-Shared-Private-Tag-Data-Dict_93d5b05fac.xlsx,downloaded_or_extracted_support,.xlsx,0.0188,other_support_candidate,,read_ok,DICOM Tag;Name;Description;VR (VM) *; ,"(0113,""MI GE GNC ID STRING"",01);mrsc_imageGnc_dwiVersion;mrsc_imageGnc_dwiVersion;IS;",6
/home/mdsubhan01/ISPY2-3DGCNN/external/ispy2_support_sources/ACRIN_6698_ISPY2_Shared_Private_Tag_Data_Dict_910ee20fe1.xlsx,downloaded_or_extracted_support,.xlsx,0.0188,other_support_candidate,,read_ok,DICOM Tag;Name;Description;VR (VM) *; ,"(0113,""MI GE GNC ID STRING"",01);mrsc_imageGnc_dwiVersion;mrsc_imageGnc_dwiVersion;IS;",6
/home/mdsubhan01/ISPY2-3DGCNN/reports/tables/ispy2_patient_summary.csv,local_scan,.csv,0.0187,other_support_candidate,,read_ok,patient_folder;n_studies;n_series;n_dicom;has_mr;has_seg,ISPY2-100899;4;64;7322;1;1,6
/home/mdsubhan01/ISPY2-3DGCNN/external/ispy2_support_sources/cropped-TCIA-Favicon-Transparent-180x180_1ccac61c30.png,downloaded_or_extracted_support,.png,0.0171,other_support_candidate,pe,not_opened,,,6
/home/mdsubhan01/ISPY2-3DGCNN/external/ispy2_support_sources/cropped-TCIA-Favicon-Transparent-192x192_3728a3fe19.png,downloaded_or_extracted_support,.png,0.0161,other_support_candidate,pe,not_opened,,,6
/home/mdsubhan01/ISPY2-3DGCNN/reports/tables/phase4a_label_source_inventory.csv,local_scan,.csv,0.0091,other_support_candidate,,read_ok,file_path;file_name;size_mb;source_root;read_status;n_columns_read;matched_label_like_columns;all_columns_preview;label_signal_score,/home/mdsubhan01/ISPY2-3DGCNN/reports/tables/phase;phase3d_verified_biomarker_table.csv;0.0497;/home/mdsubhan01/ISPY2-3DGCNN;read_csv;25;patient_folder; study_folder; seg_series_uid; matc;patient_folder; study_folder; seg_series_uid; matc;13,6
/home/mdsubhan01/ISPY2-3DGCNN/reports/tables/phase4b_model_predictions.csv,local_scan,.csv,0.007,other_support_candidate,,read_ok,model;patient_folder;true_label;predicted_probability;predicted_label,LogisticRegression;ISPY2-100899;0;0.4926998749905815;0,6
/home/mdsubhan01/ISPY2-3DGCNN/reports/tables/phase5a_oof_predictions.csv,local_scan,.csv,0.0068,other_support_candidate,,read_ok,model;patient_folder;true_label;predicted_probability;predicted_label,LogisticRegression;ISPY2-100899;0;0.49269987499058127;0,6
/home/mdsubhan01/ISPY2-3DGCNN/reports/tables/phase4e_downloaded_label_candidates.csv,local_scan,.csv,0.0057,other_support_candidate,,read_ok,file_path;read_status;patient_col;patient_overlap;label_col;usable_labels;positive;negative,/home/mdsubhan01/ISPY2-3DGCNN/external/ispy2_clini;read_ok_no_label_col;DICOM Tag;0;;0;0;0,6
/home/mdsubhan01/ISPY2-3DGCNN/reports/tables/phase4b_label_merge_candidates.csv,local_scan,.csv,0.0022,other_support_candidate,,read_ok,file_path;patient_column;patient_overlap;label_column;usable_labeled_patients;n_positive;n_negative;status,/home/mdsubhan01/ISPY2-3DGCNN/reports/tables/phase;patient_folder;35;;0;0;0;no_patient_or_label_column,6
/home/mdsubhan01/ISPY2-3DGCNN/reports/tables/phase4c_label_candidate_review.csv,local_scan,.csv,0.0022,other_support_candidate,,read_ok,file_path;patient_column;patient_overlap;label_column;usable_labeled_patients;n_positive;n_negative;status,/home/mdsubhan01/ISPY2-3DGCNN/reports/tables/phase;patient_folder;35;;0;0;0;no_patient_or_label_column,6
/home/mdsubhan01/ISPY2-3DGCNN/external/ispy2_support_sources/cropped-TCIA-Favicon-Transparent-32x32_68524a7172.png,downloaded_or_extracted_support,.png,0.0018,other_support_candidate,pe,not_opened,,,6
/home/mdsubhan01/ISPY2-3DGCNN/reports/tables/phase4a_feature_completeness.csv,local_scan,.csv,0.0011,other_support_candidate,,read_ok,feature;non_missing;missing;missing_pct;mean;std;min;max,nonzero_seg_frames;120;0;0.0;114.1;41.17015;64.0;180.0,6
/home/mdsubhan01/ISPY2-3DGCNN/reports/tables/phase5a_model_calibration_metrics.csv,local_scan,.csv,0.001,other_support_candidate,,read_ok,model;n_patients;positive_labels;negative_labels;n_splits;AUROC;AUPRC;Brier_score;calibration_MAE;accuracy;balanced_accuracy;F1;sensitivity;specificity;TP;TN;FP;FN,LogisticRegression;33;20;13;5;0.5461538461538461;0.7506391256164644;0.26616661003690567;0.2530816452458385;0.45454545454545453;0.4557692307692308;0.5;0.45;0.46153846153846156;9;6;7;11,6
/home/mdsubhan01/ISPY2-3DGCNN/reports/table_views/phase4b_model_performance.md,local_scan,.md,0.001,other_support_candidate,pe,not_opened,,,6
/home/mdsubhan01/ISPY2-3DGCNN/reports/Phase4D_Label_Source_Deep_Inspection_Summary.md,local_scan,.md,0.0009,other_support_candidate,pe,not_opened,,,6
/home/mdsubhan01/ISPY2-3DGCNN/reports/tables/phase5b_limitations_and_next_steps.csv,local_scan,.csv,0.0009,other_support_candidate,,read_ok,issue;current_state;risk;next_step,Small labeled cohort;Only 33 labeled patients were used.;Model performance may be unstable.;Expand geometry-ready feature extraction to more p,6
/home/mdsubhan01/ISPY2-3DGCNN/reports/tables/unified_model_heads_for_atlas.csv,local_scan,.csv,0.0008,other_support_candidate,,read_ok,model_head;input;output;role;why,"Radiomics + XGBoost;tumor volume, shape, radial profile, vessel densit;pCR or early response probability;primary interpretable prediction model;best first model for structured atlas biomarkers",6
/home/mdsubhan01/ISPY2-3DGCNN/reports/tables/github_table_view_index.csv,local_scan,.csv,0.0006,other_support_candidate,,read_ok,table;exists;rows;columns;view_file,ispy2_patient_summary.csv;yes;719;6;reports/table_views/ispy2_patient_summary.md,6
/home/mdsubhan01/ISPY2-3DGCNN/reports/tables/phase5b_key_results_summary.csv,local_scan,.csv,0.0006,other_support_candidate,,read_ok,section;item;value;interpretation,Cohort;Labeled patients;33;Small pilot cohort for feasibility analysis.,6
/home/mdsubhan01/ISPY2-3DGCNN/reports/tables/phase5a_model_recommendation.csv,local_scan,.csv,0.0004,other_support_candidate,,read_ok,recommended_model;selection_rule;AUROC;AUPRC;Brier_score;why;xgboost_available,"LogisticRegression;highest AUROC, then highest AUPRC, then lowest Bri;0.5461538461538461;0.7506391256164644;0.26616661003690567;This is a pilot model. It gives the best cross-val;not_available",6
/home/mdsubhan01/ISPY2-3DGCNN/reports/tables/phase7f_expanded_recovered_cohort_summary.csv,local_scan,.csv,0.0004,other_support_candidate,,read_ok,stage;metric;value,Phase 7C;SEG cases tested;2688,6
/home/mdsubhan01/ISPY2-3DGCNN/reports/logs/large_file_check.txt,local_scan,.txt,0.0,other_support_candidate,,read_failed: Could not determine delimiter,,,0
/home/mdsubhan01/ISPY2-3DGCNN/reports/logs/phase2_large_file_check.txt,local_scan,.txt,0.0,other_support_candidate,,read_failed: Could not determine delimiter,,,0
