patient_folder,pCR_label,response_label,tumor_subtype,treatment_arm,notes
ISPY2-100899,,,,,
ISPY2-102011,,,,,
ISPY2-103693,,,,,
ISPY2-104384,,,,,
ISPY2-105286,,,,,
ISPY2-105513,,,,,
ISPY2-108939,,,,,
ISPY2-109623,,,,,
ISPY2-109874,,,,,
ISPY2-109980,,,,,
ISPY2-111004,,,,,
ISPY2-111038,,,,,
ISPY2-111344,,,,,
ISPY2-111646,,,,,
ISPY2-111674,,,,,
ISPY2-111881,,,,,
ISPY2-112606,,,,,
ISPY2-114087,,,,,
ISPY2-115638,,,,,
ISPY2-116165,,,,,
ISPY2-117424,,,,,
ISPY2-117707,,,,,
ISPY2-119928,,,,,
ISPY2-120001,,,,,
ISPY2-120422,,,,,
ISPY2-122287,,,,,
ISPY2-122579,,,,,
ISPY2-122795,,,,,
ISPY2-123660,,,,,
ISPY2-125130,,,,,
ISPY2-125418,,,,,
ISPY2-127675,,,,,
ISPY2-127791,,,,,
